project-name,interface,parameter
crapi,DELETE /identity/api/v2/admin/videos/{video_id},video_id
crapi,DELETE /identity/api/v2/user/videos/{video_id},video_id
crapi,GET /community/api/v2/community/posts/{postId},postId
crapi,GET /identity/api/v2/user/videos/convert_video,video_id
crapi,GET /identity/api/v2/user/videos/{video_id},video_id
crapi,GET /identity/api/v2/vehicle/{vehicleId}/location,vehicleId
crapi,GET /workshop/api/mechanic/mechanic_report,report_id
crapi,GET /workshop/api/shop/orders/{order_id},order_id
crapi,POST /community/api/v2/community/posts/{postId}/comment,postId
crapi,POST /identity/api/auth/forget-password,email
crapi,POST /identity/api/auth/login,email
crapi,POST /identity/api/auth/signup,email
crapi,POST /identity/api/auth/v2.7/user/login-with-token,email
crapi,POST /identity/api/auth/v2.7/user/login-with-token,token
crapi,POST /identity/api/auth/v2/check-otp,email
crapi,POST /identity/api/auth/v3/check-otp,email
crapi,POST /identity/api/auth/v4.0/user/login-with-token,email
crapi,POST /identity/api/auth/v4.0/user/login-with-token,token
crapi,POST /identity/api/v2/user/reset-password,email
crapi,POST /identity/api/v2/user/verify-email-token,token
crapi,POST /workshop/api/mechanic/signup,email
crapi,POST /workshop/api/shop/orders,product_id
crapi,POST /workshop/api/shop/orders/return_order,order_id
crapi,PUT /identity/api/v2/user/videos/{video_id},id
crapi,PUT /identity/api/v2/user/videos/{video_id},video_id
crapi,PUT /workshop/api/shop/orders/{order_id},order_id
crapi,PUT /workshop/api/shop/orders/{order_id},product_id
ctfd,DELETE /api/v1/awards/{award_id},award_id
ctfd,DELETE /api/v1/brackets/{bracket_id},bracket_id
ctfd,DELETE /api/v1/challenges/{challenge_id},challenge_id
ctfd,DELETE /api/v1/comments/{comment_id},comment_id
ctfd,DELETE /api/v1/configs/fields/{field_id},field_id
ctfd,DELETE /api/v1/configs/{config_key},config_key
ctfd,DELETE /api/v1/files/{file_id},file_id
ctfd,DELETE /api/v1/flags/{flag_id},flag_id
ctfd,DELETE /api/v1/hints/{hint_id},hint_id
ctfd,DELETE /api/v1/notifications/{notification_id},notification_id
ctfd,DELETE /api/v1/pages/{page_id},page_id
ctfd,DELETE /api/v1/solutions/{solution_id},solution_id
ctfd,DELETE /api/v1/submissions/{submission_id},submission_id
ctfd,DELETE /api/v1/tags/{tag_id},tag_id
ctfd,DELETE /api/v1/teams/me,team_id
ctfd,DELETE /api/v1/teams/{team_id},team_id
ctfd,DELETE /api/v1/teams/{team_id}/members,team_id
ctfd,DELETE /api/v1/tokens/{token_id},token_id
ctfd,DELETE /api/v1/topics,target_id
ctfd,DELETE /api/v1/topics/{topic_id},topic_id
ctfd,DELETE /api/v1/users/{user_id},user_id
ctfd,GET /api/v1/awards,team_id
ctfd,GET /api/v1/awards,user_id
ctfd,GET /api/v1/awards/{award_id},award_id
ctfd,GET /api/v1/challenges/{challenge_id},challenge_id
ctfd,GET /api/v1/challenges/{challenge_id}/files,challenge_id
ctfd,GET /api/v1/challenges/{challenge_id}/flags,challenge_id
ctfd,GET /api/v1/challenges/{challenge_id}/hints,challenge_id
ctfd,GET /api/v1/challenges/{challenge_id}/ratings,challenge_id
ctfd,GET /api/v1/challenges/{challenge_id}/requirements,challenge_id
ctfd,GET /api/v1/challenges/{challenge_id}/solves,challenge_id
ctfd,GET /api/v1/challenges/{challenge_id}/tags,challenge_id
ctfd,GET /api/v1/challenges/{challenge_id}/topics,challenge_id
ctfd,GET /api/v1/comments,challenge_id
ctfd,GET /api/v1/comments,page_id
ctfd,GET /api/v1/comments,team_id
ctfd,GET /api/v1/comments,user_id
ctfd,GET /api/v1/configs,key
ctfd,GET /api/v1/configs/fields/{field_id},field_id
ctfd,GET /api/v1/configs/{config_key},config_key
ctfd,GET /api/v1/files/{file_id},file_id
ctfd,GET /api/v1/flags,challenge_id
ctfd,GET /api/v1/flags/{flag_id},flag_id
ctfd,GET /api/v1/hints,challenge_id
ctfd,GET /api/v1/hints/{hint_id},hint_id
ctfd,GET /api/v1/notifications,since_id
ctfd,GET /api/v1/notifications,team_id
ctfd,GET /api/v1/notifications,user_id
ctfd,GET /api/v1/notifications/{notification_id},notification_id
ctfd,GET /api/v1/pages,id
ctfd,GET /api/v1/pages/{page_id},page_id
ctfd,GET /api/v1/solutions/{solution_id},solution_id
ctfd,GET /api/v1/submissions,challenge_id
ctfd,GET /api/v1/submissions,team_id
ctfd,GET /api/v1/submissions,user_id
ctfd,GET /api/v1/submissions/{submission_id},submission_id
ctfd,GET /api/v1/tags,challenge_id
ctfd,GET /api/v1/tags/{tag_id},tag_id
ctfd,GET /api/v1/teams/me,team_id
ctfd,GET /api/v1/teams/{team_id},team_id
ctfd,GET /api/v1/teams/{team_id}/awards,team_id
ctfd,GET /api/v1/teams/{team_id}/fails,team_id
ctfd,GET /api/v1/teams/{team_id}/members,team_id
ctfd,GET /api/v1/teams/{team_id}/solves,team_id
ctfd,GET /api/v1/tokens/{token_id},token_id
ctfd,GET /api/v1/topics/{topic_id},topic_id
ctfd,GET /api/v1/unlocks,team_id
ctfd,GET /api/v1/unlocks,user_id
ctfd,GET /api/v1/users/me/awards,user_id
ctfd,GET /api/v1/users/{user_id},user_id
ctfd,GET /api/v1/users/{user_id}/awards,user_id
ctfd,GET /api/v1/users/{user_id}/fails,user_id
ctfd,GET /api/v1/users/{user_id}/solves,user_id
ctfd,HEAD /api/v1/notifications,since_id
ctfd,HEAD /api/v1/notifications,team_id
ctfd,HEAD /api/v1/notifications,user_id
ctfd,PATCH /api/v1/brackets/{bracket_id},bracket_id
ctfd,PATCH /api/v1/challenges/{challenge_id},challenge_id
ctfd,PATCH /api/v1/configs/fields/{field_id},field_id
ctfd,PATCH /api/v1/configs/{config_key},config_key
ctfd,PATCH /api/v1/flags/{flag_id},flag_id
ctfd,PATCH /api/v1/hints/{hint_id},hint_id
ctfd,PATCH /api/v1/pages/{page_id},page_id
ctfd,PATCH /api/v1/solutions/{solution_id},solution_id
ctfd,PATCH /api/v1/submissions/{submission_id},submission_id
ctfd,PATCH /api/v1/tags/{tag_id},tag_id
ctfd,PATCH /api/v1/teams/me,team_id
ctfd,PATCH /api/v1/teams/{team_id},team_id
ctfd,PATCH /api/v1/users/{user_id},user_id
ctfd,POST /api/v1/files,challenge_id
ctfd,POST /api/v1/files,page_id
ctfd,POST /api/v1/files,solution_id
ctfd,POST /api/v1/solutions,challenge_id
ctfd,POST /api/v1/submissions,challenge_id
ctfd,POST /api/v1/submissions,team_id
ctfd,POST /api/v1/submissions,user_id
ctfd,POST /api/v1/teams/{team_id}/members,team_id
ctfd,POST /api/v1/users/{user_id}/email,user_id
ctfd,PUT /api/v1/challenges/{challenge_id}/ratings,challenge_id
easyappointments,DELETE /admins/{adminId},adminId
easyappointments,DELETE /appointments/{appointmentId},appointmentId
easyappointments,DELETE /customers/{customerId},customerId
easyappointments,DELETE /providers/{providerId},providerId
easyappointments,DELETE /secretaries/{secretaryId},secretaryId
easyappointments,DELETE /service_categories/{serviceCategoryId},serviceCategoryId
easyappointments,DELETE /services/{serviceId},serviceId
easyappointments,DELETE /unavailabilities/{unavailabilityId},unavailabilityId
easyappointments,DELETE /webhooks/{webhookId},webhookId
easyappointments,GET /admins/{adminId},adminId
easyappointments,GET /appointments,customerId
easyappointments,GET /appointments,providerId
easyappointments,GET /appointments,serviceId
easyappointments,GET /appointments/{appointmentId},appointmentId
easyappointments,GET /availabilities,providerId
easyappointments,GET /availabilities,serviceId
easyappointments,GET /customers/{customerId},customerId
easyappointments,GET /providers/{providerId},providerId
easyappointments,GET /secretaries/{secretaryId},secretaryId
easyappointments,GET /service_categories/{serviceCategoryId},serviceCategoryId
easyappointments,GET /services/{serviceId},serviceId
easyappointments,GET /unavailabilities/{unavailabilityId},unavailabilityId
easyappointments,GET /webhooks/{webhookId},webhookId
easyappointments,POST /admins,email
easyappointments,POST /admins,mobile
easyappointments,POST /admins,phone
easyappointments,POST /appointments,customerId
easyappointments,POST /appointments,providerId
easyappointments,POST /appointments,serviceId
easyappointments,POST /customers,email
easyappointments,POST /customers,phone
easyappointments,POST /providers,email
easyappointments,POST /providers,mobile
easyappointments,POST /providers,phone
easyappointments,POST /secretaries,email
easyappointments,POST /secretaries,mobile
easyappointments,POST /secretaries,phone
easyappointments,POST /services,serviceCategoryId
easyappointments,POST /unavailabilities,providerId
easyappointments,POST /webhooks,secretToken
easyappointments,PUT /admins/{adminId},adminId
easyappointments,PUT /admins/{adminId},email
easyappointments,PUT /admins/{adminId},mobile
easyappointments,PUT /admins/{adminId},phone
easyappointments,PUT /appointments/{appointmentId},appointmentId
easyappointments,PUT /appointments/{appointmentId},customerId
easyappointments,PUT /appointments/{appointmentId},providerId
easyappointments,PUT /appointments/{appointmentId},serviceId
easyappointments,PUT /customers/{customerId},customerId
easyappointments,PUT /customers/{customerId},email
easyappointments,PUT /customers/{customerId},phone
easyappointments,PUT /providers/{providerId},email
easyappointments,PUT /providers/{providerId},mobile
easyappointments,PUT /providers/{providerId},phone
easyappointments,PUT /providers/{providerId},providerId
easyappointments,PUT /secretaries/{secretaryId},email
easyappointments,PUT /secretaries/{secretaryId},mobile
easyappointments,PUT /secretaries/{secretaryId},phone
easyappointments,PUT /secretaries/{secretaryId},secretaryId
easyappointments,PUT /service_categories/{serviceCategoryId},serviceCategoryId
easyappointments,PUT /services/{serviceId},serviceCategoryId
easyappointments,PUT /services/{serviceId},serviceId
easyappointments,PUT /unavailabilities/{unavailabilityId},providerId
easyappointments,PUT /unavailabilities/{unavailabilityId},unavailabilityId
easyappointments,PUT /webhooks/{webhookId},secretToken
easyappointments,PUT /webhooks/{webhookId},webhookId
gin-vue-admin,DELETE /customer/customer,ID
gin-vue-admin,DELETE /customer/customer,sysUserAuthorityID
gin-vue-admin,DELETE /customer/customer,sysUserId
gin-vue-admin,DELETE /info/deleteInfo,ID
gin-vue-admin,DELETE /info/deleteInfo,userID
gin-vue-admin,DELETE /sysDictionary/deleteSysDictionary,ID
gin-vue-admin,DELETE /sysDictionary/deleteSysDictionary,parentID
gin-vue-admin,DELETE /sysDictionaryDetail/deleteSysDictionaryDetail,ID
gin-vue-admin,DELETE /sysDictionaryDetail/deleteSysDictionaryDetail,parentID
gin-vue-admin,DELETE /sysDictionaryDetail/deleteSysDictionaryDetail,sysDictionaryID
gin-vue-admin,DELETE /sysExportTemplate/deleteSysExportTemplate,ID
gin-vue-admin,DELETE /sysExportTemplate/deleteSysExportTemplate,templateID
gin-vue-admin,DELETE /sysOperationRecord/deleteSysOperationRecord,ID
gin-vue-admin,DELETE /sysOperationRecord/deleteSysOperationRecord,user_id
gin-vue-admin,DELETE /sysParams/deleteSysParams,ID
gin-vue-admin,DELETE /sysParams/deleteSysParams,key
gin-vue-admin,DELETE /sysVersion/deleteSysVersion,ID
gin-vue-admin,DELETE /sysVersion/deleteSysVersion,versionCode
gin-vue-admin,DELETE /user/deleteUser,id
gin-vue-admin,GET /customer/customer,ID
gin-vue-admin,GET /customer/customer,sysUserAuthorityID
gin-vue-admin,GET /customer/customer,sysUserId
gin-vue-admin,GET /info/findInfo,ID
gin-vue-admin,GET /info/findInfo,userID
gin-vue-admin,GET /sysDictionary/findSysDictionary,ID
gin-vue-admin,GET /sysDictionary/findSysDictionary,parentID
gin-vue-admin,GET /sysDictionaryDetail/findSysDictionaryDetail,ID
gin-vue-admin,GET /sysDictionaryDetail/findSysDictionaryDetail,parentID
gin-vue-admin,GET /sysDictionaryDetail/findSysDictionaryDetail,sysDictionaryID
gin-vue-admin,GET /sysDictionaryDetail/getDictionaryDetailsByParent,parentID
gin-vue-admin,GET /sysDictionaryDetail/getDictionaryDetailsByParent,sysDictionaryID
gin-vue-admin,GET /sysDictionaryDetail/getDictionaryPath,id
gin-vue-admin,GET /sysDictionaryDetail/getDictionaryTreeList,sysDictionaryID
gin-vue-admin,GET /sysDictionaryDetail/getSysDictionaryDetailList,ID
gin-vue-admin,GET /sysDictionaryDetail/getSysDictionaryDetailList,parentID
gin-vue-admin,GET /sysDictionaryDetail/getSysDictionaryDetailList,sysDictionaryID
gin-vue-admin,GET /sysExportTemplate/findSysExportTemplate,ID
gin-vue-admin,GET /sysExportTemplate/findSysExportTemplate,templateID
gin-vue-admin,GET /sysExportTemplate/getSysExportTemplateList,ID
gin-vue-admin,GET /sysExportTemplate/getSysExportTemplateList,templateID
gin-vue-admin,GET /sysOperationRecord/findSysOperationRecord,ID
gin-vue-admin,GET /sysOperationRecord/findSysOperationRecord,user_id
gin-vue-admin,GET /sysOperationRecord/getSysOperationRecordList,ID
gin-vue-admin,GET /sysOperationRecord/getSysOperationRecordList,user_id
gin-vue-admin,GET /sysParams/findSysParams,ID
gin-vue-admin,GET /sysParams/findSysParams,key
gin-vue-admin,GET /sysParams/getSysParam,key
gin-vue-admin,GET /sysParams/getSysParamsList,key
gin-vue-admin,GET /sysVersion/downloadVersionJson,ID
gin-vue-admin,GET /sysVersion/findSysVersion,ID
gin-vue-admin,GET /sysVersion/getSysVersionList,versionCode
gin-vue-admin,POST /api/createApi,ID
gin-vue-admin,POST /api/deleteApi,ID
gin-vue-admin,POST /api/getApiById,id
gin-vue-admin,POST /api/getApiList,ID
gin-vue-admin,POST /api/getApiList,orderKey
gin-vue-admin,POST /api/updateApi,ID
gin-vue-admin,POST /attachmentCategory/addCategory,ID
gin-vue-admin,POST /attachmentCategory/addCategory,pid
gin-vue-admin,POST /attachmentCategory/deleteCategory,id
gin-vue-admin,POST /authority/copyAuthority,oldAuthorityId
gin-vue-admin,POST /authority/createAuthority,authorityId
gin-vue-admin,POST /authority/createAuthority,dataAuthorityId
gin-vue-admin,POST /authority/createAuthority,parentId
gin-vue-admin,POST /authority/deleteAuthority,authorityId
gin-vue-admin,POST /authority/deleteAuthority,dataAuthorityId
gin-vue-admin,POST /authority/deleteAuthority,parentId
gin-vue-admin,POST /authority/setDataAuthority,authorityId
gin-vue-admin,POST /authority/setDataAuthority,dataAuthorityId
gin-vue-admin,POST /authority/setDataAuthority,parentId
gin-vue-admin,POST /authorityBtn/getAuthorityBtn,authorityId
gin-vue-admin,POST /authorityBtn/getAuthorityBtn,menuID
gin-vue-admin,POST /authorityBtn/setAuthorityBtn,authorityId
gin-vue-admin,POST /authorityBtn/setAuthorityBtn,menuID
gin-vue-admin,POST /autoCode/delPackage,id
gin-vue-admin,POST /autoCode/delSysHistory,id
gin-vue-admin,POST /autoCode/getMeta,id
gin-vue-admin,POST /autoCode/rollback,id
gin-vue-admin,POST /base/login,captchaId
gin-vue-admin,POST /base/login,username
gin-vue-admin,POST /casbin/UpdateCasbin,authorityId
gin-vue-admin,POST /casbin/getPolicyPathByAuthorityId,authorityId
gin-vue-admin,POST /customer/customer,ID
gin-vue-admin,POST /customer/customer,sysUserAuthorityID
gin-vue-admin,POST /customer/customer,sysUserId
gin-vue-admin,POST /fileUploadAndDownload/deleteFile,classId
gin-vue-admin,POST /fileUploadAndDownload/deleteFile,ID
gin-vue-admin,POST /fileUploadAndDownload/deleteFile,key
gin-vue-admin,POST /fileUploadAndDownload/getFileList,classId
gin-vue-admin,POST /fileUploadAndDownload/importURL,classId
gin-vue-admin,POST /fileUploadAndDownload/importURL,ID
gin-vue-admin,POST /fileUploadAndDownload/importURL,key
gin-vue-admin,POST /info/createInfo,ID
gin-vue-admin,POST /info/createInfo,userID
gin-vue-admin,POST /init/initdb,userName
gin-vue-admin,POST /menu/addBaseMenu,ID
gin-vue-admin,POST /menu/addBaseMenu,parentId
gin-vue-admin,POST /menu/addMenuAuthority,authorityId
gin-vue-admin,POST /menu/deleteBaseMenu,id
gin-vue-admin,POST /menu/getBaseMenuById,id
gin-vue-admin,POST /menu/getMenuAuthority,authorityId
gin-vue-admin,POST /menu/updateBaseMenu,ID
gin-vue-admin,POST /menu/updateBaseMenu,parentId
gin-vue-admin,POST /sysDictionary/createSysDictionary,ID
gin-vue-admin,POST /sysDictionary/createSysDictionary,parentID
gin-vue-admin,POST /sysDictionaryDetail/createSysDictionaryDetail,ID
gin-vue-admin,POST /sysDictionaryDetail/createSysDictionaryDetail,parentID
gin-vue-admin,POST /sysDictionaryDetail/createSysDictionaryDetail,sysDictionaryID
gin-vue-admin,POST /sysExportTemplate/createSysExportTemplate,ID
gin-vue-admin,POST /sysExportTemplate/createSysExportTemplate,templateID
gin-vue-admin,POST /sysParams/createSysParams,ID
gin-vue-admin,POST /sysParams/createSysParams,key
gin-vue-admin,POST /sysVersion/exportVersion,versionCode
gin-vue-admin,POST /user/admin_register,authorityId
gin-vue-admin,POST /user/admin_register,email
gin-vue-admin,POST /user/admin_register,phone
gin-vue-admin,POST /user/admin_register,userName
gin-vue-admin,POST /user/getUserList,email
gin-vue-admin,POST /user/getUserList,phone
gin-vue-admin,POST /user/getUserList,username
gin-vue-admin,POST /user/resetPassword,authorityId
gin-vue-admin,POST /user/resetPassword,email
gin-vue-admin,POST /user/resetPassword,ID
gin-vue-admin,POST /user/resetPassword,phone
gin-vue-admin,POST /user/resetPassword,userName
gin-vue-admin,POST /user/resetPassword,uuid
gin-vue-admin,POST /user/setUserAuthorities,id
gin-vue-admin,POST /user/setUserAuthority,authorityId
gin-vue-admin,PUT /authority/updateAuthority,authorityId
gin-vue-admin,PUT /authority/updateAuthority,dataAuthorityId
gin-vue-admin,PUT /authority/updateAuthority,parentId
gin-vue-admin,PUT /customer/customer,ID
gin-vue-admin,PUT /customer/customer,sysUserAuthorityID
gin-vue-admin,PUT /customer/customer,sysUserId
gin-vue-admin,PUT /info/updateInfo,ID
gin-vue-admin,PUT /info/updateInfo,userID
gin-vue-admin,PUT /sysDictionary/updateSysDictionary,ID
gin-vue-admin,PUT /sysDictionary/updateSysDictionary,parentID
gin-vue-admin,PUT /sysDictionaryDetail/updateSysDictionaryDetail,ID
gin-vue-admin,PUT /sysDictionaryDetail/updateSysDictionaryDetail,parentID
gin-vue-admin,PUT /sysDictionaryDetail/updateSysDictionaryDetail,sysDictionaryID
gin-vue-admin,PUT /sysExportTemplate/updateSysExportTemplate,ID
gin-vue-admin,PUT /sysExportTemplate/updateSysExportTemplate,templateID
gin-vue-admin,PUT /sysParams/updateSysParams,ID
gin-vue-admin,PUT /sysParams/updateSysParams,key
gin-vue-admin,PUT /user/SetSelfInfo,authorityId
gin-vue-admin,PUT /user/SetSelfInfo,email
gin-vue-admin,PUT /user/SetSelfInfo,ID
gin-vue-admin,PUT /user/SetSelfInfo,phone
gin-vue-admin,PUT /user/SetSelfInfo,userName
gin-vue-admin,PUT /user/SetSelfInfo,uuid
gin-vue-admin,PUT /user/setUserInfo,authorityId
gin-vue-admin,PUT /user/setUserInfo,email
gin-vue-admin,PUT /user/setUserInfo,ID
gin-vue-admin,PUT /user/setUserInfo,phone
gin-vue-admin,PUT /user/setUserInfo,userName
gin-vue-admin,PUT /user/setUserInfo,uuid
gin-vue-blog,GET /code,email
gin-vue-blog,POST /category,id
gin-vue-blog,POST /link,id
gin-vue-blog,POST /login,username
gin-vue-blog,POST /page,id
gin-vue-blog,POST /register,code
gin-vue-blog,POST /register,username
gin-vue-blog,POST /tag,id
JeecgBoot,DELETE /jeecgboot/sys/checkRule/delete,id
JeecgBoot,DELETE /jeecgboot/sys/comment/delete,id
JeecgBoot,DELETE /jeecgboot/sys/comment/deleteOne,id
JeecgBoot,DELETE /jeecgboot/sys/dataSource/delete,id
JeecgBoot,DELETE /jeecgboot/sys/fillRule/delete,id
JeecgBoot,DELETE /jeecgboot/sys/formFile/delete,id
JeecgBoot,DELETE /jeecgboot/sys/position/delete,id
JeecgBoot,DELETE /jeecgboot/sys/sysDepartPermission/delete,id
JeecgBoot,DELETE /jeecgboot/sys/sysDepartRole/delete,id
JeecgBoot,DELETE /jeecgboot/sys/sysRoleIndex/delete,id
JeecgBoot,DELETE /jeecgboot/sys/tableWhiteList/delete,id
JeecgBoot,GET /jeecgboot/sys/checkRule/checkByCode,ruleCode
JeecgBoot,GET /jeecgboot/sys/checkRule/queryById,id
JeecgBoot,GET /jeecgboot/sys/comment/queryById,id
JeecgBoot,GET /jeecgboot/sys/dataSource/queryById,id
JeecgBoot,GET /jeecgboot/sys/fillRule/queryById,id
JeecgBoot,GET /jeecgboot/sys/formFile/queryById,id
JeecgBoot,GET /jeecgboot/sys/getQrcodeToken,qrcodeId
JeecgBoot,GET /jeecgboot/sys/position/queryByCode,code
JeecgBoot,GET /jeecgboot/sys/position/queryById,id
JeecgBoot,GET /jeecgboot/sys/quartzJob/pause,id
JeecgBoot,GET /jeecgboot/sys/quartzJob/resume,id
JeecgBoot,GET /jeecgboot/sys/randomImage/{key},key
JeecgBoot,GET /jeecgboot/sys/sysDepartPermission/queryById,id
JeecgBoot,GET /jeecgboot/sys/sysDepartRole/list,deptId
JeecgBoot,GET /jeecgboot/sys/sysDepartRole/queryById,id
JeecgBoot,GET /jeecgboot/sys/sysRoleIndex/queryByCode,roleCode
JeecgBoot,GET /jeecgboot/sys/sysRoleIndex/queryById,id
JeecgBoot,GET /jeecgboot/sys/tableWhiteList/queryById,id
JeecgBoot,GET /jeecgboot/sys/version/app3version,key
JeecgBoot,POST /jeecgboot/sys/checkRule/add,id
JeecgBoot,POST /jeecgboot/sys/checkRule/add,ruleCode
JeecgBoot,POST /jeecgboot/sys/checkRule/edit,id
JeecgBoot,POST /jeecgboot/sys/checkRule/edit,ruleCode
JeecgBoot,POST /jeecgboot/sys/comment/add,commentId
JeecgBoot,POST /jeecgboot/sys/comment/add,fromUserId
JeecgBoot,POST /jeecgboot/sys/comment/add,id
JeecgBoot,POST /jeecgboot/sys/comment/add,tableDataId
JeecgBoot,POST /jeecgboot/sys/comment/add,tableId
JeecgBoot,POST /jeecgboot/sys/comment/add,toUserId
JeecgBoot,POST /jeecgboot/sys/comment/addText,commentId
JeecgBoot,POST /jeecgboot/sys/comment/addText,fromUserId
JeecgBoot,POST /jeecgboot/sys/comment/addText,id
JeecgBoot,POST /jeecgboot/sys/comment/addText,tableDataId
JeecgBoot,POST /jeecgboot/sys/comment/addText,tableId
JeecgBoot,POST /jeecgboot/sys/comment/addText,toUserId
JeecgBoot,POST /jeecgboot/sys/comment/edit,commentId
JeecgBoot,POST /jeecgboot/sys/comment/edit,fromUserId
JeecgBoot,POST /jeecgboot/sys/comment/edit,id
JeecgBoot,POST /jeecgboot/sys/comment/edit,tableDataId
JeecgBoot,POST /jeecgboot/sys/comment/edit,tableId
JeecgBoot,POST /jeecgboot/sys/comment/edit,toUserId
JeecgBoot,POST /jeecgboot/sys/dataSource/add,code
JeecgBoot,POST /jeecgboot/sys/dataSource/add,id
JeecgBoot,POST /jeecgboot/sys/dataSource/add,sysOrgCode
JeecgBoot,POST /jeecgboot/sys/dataSource/add,tenantId
JeecgBoot,POST /jeecgboot/sys/dataSource/edit,code
JeecgBoot,POST /jeecgboot/sys/dataSource/edit,id
JeecgBoot,POST /jeecgboot/sys/dataSource/edit,sysOrgCode
JeecgBoot,POST /jeecgboot/sys/dataSource/edit,tenantId
JeecgBoot,POST /jeecgboot/sys/fillRule/add,id
JeecgBoot,POST /jeecgboot/sys/fillRule/add,ruleCode
JeecgBoot,POST /jeecgboot/sys/fillRule/edit,id
JeecgBoot,POST /jeecgboot/sys/fillRule/edit,ruleCode
JeecgBoot,POST /jeecgboot/sys/formFile/add,fileId
JeecgBoot,POST /jeecgboot/sys/formFile/add,id
JeecgBoot,POST /jeecgboot/sys/formFile/add,tableDataId
JeecgBoot,POST /jeecgboot/sys/formFile/edit,fileId
JeecgBoot,POST /jeecgboot/sys/formFile/edit,id
JeecgBoot,POST /jeecgboot/sys/formFile/edit,tableDataId
JeecgBoot,POST /jeecgboot/sys/login,checkKey
JeecgBoot,POST /jeecgboot/sys/login,username
JeecgBoot,POST /jeecgboot/sys/position/add,code
JeecgBoot,POST /jeecgboot/sys/position/add,companyId
JeecgBoot,POST /jeecgboot/sys/position/add,id
JeecgBoot,POST /jeecgboot/sys/position/add,sysOrgCode
JeecgBoot,POST /jeecgboot/sys/position/add,tenantId
JeecgBoot,POST /jeecgboot/sys/position/edit,code
JeecgBoot,POST /jeecgboot/sys/position/edit,companyId
JeecgBoot,POST /jeecgboot/sys/position/edit,id
JeecgBoot,POST /jeecgboot/sys/position/edit,sysOrgCode
JeecgBoot,POST /jeecgboot/sys/position/edit,tenantId
JeecgBoot,POST /jeecgboot/sys/scanLoginQrcode,qrcodeId
JeecgBoot,POST /jeecgboot/sys/scanLoginQrcode,token
JeecgBoot,POST /jeecgboot/sys/sysDepartPermission/add,departId
JeecgBoot,POST /jeecgboot/sys/sysDepartPermission/add,id
JeecgBoot,POST /jeecgboot/sys/sysDepartPermission/add,permissionId
JeecgBoot,POST /jeecgboot/sys/sysDepartPermission/edit,departId
JeecgBoot,POST /jeecgboot/sys/sysDepartPermission/edit,id
JeecgBoot,POST /jeecgboot/sys/sysDepartPermission/edit,permissionId
JeecgBoot,POST /jeecgboot/sys/sysDepartRole/add,departId
JeecgBoot,POST /jeecgboot/sys/sysDepartRole/add,id
JeecgBoot,POST /jeecgboot/sys/sysDepartRole/add,roleCode
JeecgBoot,POST /jeecgboot/sys/sysDepartRole/edit,departId
JeecgBoot,POST /jeecgboot/sys/sysDepartRole/edit,id
JeecgBoot,POST /jeecgboot/sys/sysDepartRole/edit,roleCode
JeecgBoot,POST /jeecgboot/sys/sysRoleIndex/add,id
JeecgBoot,POST /jeecgboot/sys/sysRoleIndex/add,roleCode
JeecgBoot,POST /jeecgboot/sys/sysRoleIndex/add,sysOrgCode
JeecgBoot,POST /jeecgboot/sys/sysRoleIndex/edit,id
JeecgBoot,POST /jeecgboot/sys/sysRoleIndex/edit,roleCode
JeecgBoot,POST /jeecgboot/sys/sysRoleIndex/edit,sysOrgCode
JeecgBoot,POST /jeecgboot/sys/tableWhiteList/add,id
JeecgBoot,POST /jeecgboot/sys/tableWhiteList/edit,id
JeecgBoot,POST /jeecgboot/sys/version/saveVersion,id
JeecgBoot,POST /jeecgboot/sys/version/saveVersion,sysOrgCode
JeecgBoot,PUT /jeecgboot/sys/checkRule/edit,id
JeecgBoot,PUT /jeecgboot/sys/checkRule/edit,ruleCode
JeecgBoot,PUT /jeecgboot/sys/comment/edit,commentId
JeecgBoot,PUT /jeecgboot/sys/comment/edit,fromUserId
JeecgBoot,PUT /jeecgboot/sys/comment/edit,id
JeecgBoot,PUT /jeecgboot/sys/comment/edit,tableDataId
JeecgBoot,PUT /jeecgboot/sys/comment/edit,tableId
JeecgBoot,PUT /jeecgboot/sys/comment/edit,toUserId
JeecgBoot,PUT /jeecgboot/sys/dataSource/edit,code
JeecgBoot,PUT /jeecgboot/sys/dataSource/edit,id
JeecgBoot,PUT /jeecgboot/sys/dataSource/edit,sysOrgCode
JeecgBoot,PUT /jeecgboot/sys/dataSource/edit,tenantId
JeecgBoot,PUT /jeecgboot/sys/fillRule/edit,id
JeecgBoot,PUT /jeecgboot/sys/fillRule/edit,ruleCode
JeecgBoot,PUT /jeecgboot/sys/formFile/edit,fileId
JeecgBoot,PUT /jeecgboot/sys/formFile/edit,id
JeecgBoot,PUT /jeecgboot/sys/formFile/edit,tableDataId
JeecgBoot,PUT /jeecgboot/sys/position/edit,code
JeecgBoot,PUT /jeecgboot/sys/position/edit,companyId
JeecgBoot,PUT /jeecgboot/sys/position/edit,id
JeecgBoot,PUT /jeecgboot/sys/position/edit,sysOrgCode
JeecgBoot,PUT /jeecgboot/sys/position/edit,tenantId
JeecgBoot,PUT /jeecgboot/sys/sysDepartPermission/edit,departId
JeecgBoot,PUT /jeecgboot/sys/sysDepartPermission/edit,id
JeecgBoot,PUT /jeecgboot/sys/sysDepartPermission/edit,permissionId
JeecgBoot,PUT /jeecgboot/sys/sysDepartRole/edit,departId
JeecgBoot,PUT /jeecgboot/sys/sysDepartRole/edit,id
JeecgBoot,PUT /jeecgboot/sys/sysDepartRole/edit,roleCode
JeecgBoot,PUT /jeecgboot/sys/sysRoleIndex/edit,id
JeecgBoot,PUT /jeecgboot/sys/sysRoleIndex/edit,roleCode
JeecgBoot,PUT /jeecgboot/sys/sysRoleIndex/edit,sysOrgCode
JeecgBoot,PUT /jeecgboot/sys/tableWhiteList/edit,id
mall-swarm,GET /alipay/query,outTradeNo
mall-swarm,GET /alipay/query,tradeNo
mall-swarm,GET /brand/detail/{brandId},brandId
mall-swarm,GET /brand/productList,brandId
mall-swarm,GET /cart/getProduct/{productId},productId
mall-swarm,GET /cart/update/quantity,id
mall-swarm,GET /home/productCateList/{parentId},parentId
mall-swarm,GET /home/subjectList,cateId
mall-swarm,GET /member/address/{id},id
mall-swarm,GET /member/attention/detail,brandId
mall-swarm,GET /member/coupon/listByProduct/{productId},productId
mall-swarm,GET /member/productCollection/detail,productId
mall-swarm,GET /order/detail/{orderId},orderId
mall-swarm,GET /product/detail/{id},id
mall-swarm,GET /product/search,brandId
mall-swarm,GET /product/search,productCategoryId
mall-swarm,GET /sso/getAuthCode,telephone
mall-swarm,POST /cart/add,id
mall-swarm,POST /cart/add,memberId
mall-swarm,POST /cart/add,productCategoryId
mall-swarm,POST /cart/add,productId
mall-swarm,POST /cart/add,productSkuCode
mall-swarm,POST /cart/add,productSkuId
mall-swarm,POST /cart/update/attr,id
mall-swarm,POST /cart/update/attr,memberId
mall-swarm,POST /cart/update/attr,productCategoryId
mall-swarm,POST /cart/update/attr,productId
mall-swarm,POST /cart/update/attr,productSkuCode
mall-swarm,POST /cart/update/attr,productSkuId
mall-swarm,POST /member/address/add,id
mall-swarm,POST /member/address/add,memberId
mall-swarm,POST /member/address/add,postCode
mall-swarm,POST /member/address/delete/{id},id
mall-swarm,POST /member/address/update/{id},id
mall-swarm,POST /member/address/update/{id},memberId
mall-swarm,POST /member/address/update/{id},postCode
mall-swarm,POST /member/attention/add,brandId
mall-swarm,POST /member/attention/add,id
mall-swarm,POST /member/attention/add,memberId
mall-swarm,POST /member/attention/delete,brandId
mall-swarm,POST /member/coupon/add/{couponId},couponId
mall-swarm,POST /member/productCollection/add,id
mall-swarm,POST /member/productCollection/add,memberId
mall-swarm,POST /member/productCollection/add,productId
mall-swarm,POST /member/productCollection/delete,productId
mall-swarm,POST /member/readHistory/create,id
mall-swarm,POST /member/readHistory/create,memberId
mall-swarm,POST /member/readHistory/create,productId
mall-swarm,POST /order/cancelOrder,orderId
mall-swarm,POST /order/cancelUserOrder,orderId
mall-swarm,POST /order/confirmReceiveOrder,orderId
mall-swarm,POST /order/deleteOrder,orderId
mall-swarm,POST /order/generateOrder,couponId
mall-swarm,POST /order/generateOrder,memberReceiveAddressId
mall-swarm,POST /order/paySuccess,orderId
mall-swarm,POST /returnApply/create,memberUsername
mall-swarm,POST /returnApply/create,orderId
mall-swarm,POST /returnApply/create,productId
mall-swarm,POST /sso/login,username
mall-swarm,POST /sso/register,authCode
mall-swarm,POST /sso/register,telephone
mall-swarm,POST /sso/register,username
mall-swarm,POST /sso/updatePassword,authCode
mall-swarm,POST /sso/updatePassword,telephone
newbee-mall-plus,DELETE /api/v1/coupon/{couponUserId},couponUserId
newbee-mall-plus,DELETE /api/v1/shop-cart/{newBeeMallShoppingCartItemId},newBeeMallShoppingCartItemId
newbee-mall-plus,GET /api/v1/goods/detail/{goodsId},goodsId
newbee-mall-plus,GET /api/v1/orders/{orderNo},orderNo
newbee-mall-plus,GET /api/v1/payPage,orderNo
newbee-mall-plus,GET /api/v1/returnOrders/{orderNo}/{userId},orderNo
newbee-mall-plus,GET /api/v1/returnOrders/{orderNo}/{userId},userId
newbee-mall-plus,GET /api/v1/seckill/{seckillId},seckillId
newbee-mall-plus,GET /api/v1/selectPayType,orderNo
newbee-mall-plus,POST /api/v1/coupon/{couponId},couponId
newbee-mall-plus,POST /api/v1/orders,couponUserId
newbee-mall-plus,POST /api/v1/seckill/orders/{seckillSuccessId}/{userId}/{seckillSecretKey},seckillSecretKey
newbee-mall-plus,POST /api/v1/seckill/orders/{seckillSuccessId}/{userId}/{seckillSecretKey},seckillSuccessId
newbee-mall-plus,POST /api/v1/seckill/orders/{seckillSuccessId}/{userId}/{seckillSecretKey},userId
newbee-mall-plus,POST /api/v1/seckill/{seckillId}/checkStock,seckillId
newbee-mall-plus,POST /api/v1/seckill/{seckillId}/exposer,seckillId
newbee-mall-plus,POST /api/v1/seckillExecution/{seckillId}/{userId}/{md5},seckillId
newbee-mall-plus,POST /api/v1/seckillExecution/{seckillId}/{userId}/{md5},userId
newbee-mall-plus,POST /api/v1/shop-cart,cartItemId
newbee-mall-plus,POST /api/v1/shop-cart,goodsId
newbee-mall-plus,POST /api/v1/shop-cart,userId
newbee-mall-plus,PUT /api/v1/orders/{orderNo}/cancel,orderNo
newbee-mall-plus,PUT /api/v1/orders/{orderNo}/finish,orderNo
newbee-mall-plus,PUT /api/v1/personal,userId
newbee-mall-plus,PUT /api/v1/shop-cart,cartItemId
newbee-mall-plus,PUT /api/v1/shop-cart,goodsId
newbee-mall-plus,PUT /api/v1/shop-cart,userId
newbee_mall,DELETE /api/v1/address/{addressId},token
newbee_mall,DELETE /api/v1/shop-cart/{newBeeMallShoppingCartItemId},newBeeMallShoppingCartItemId
newbee_mall,DELETE /api/v1/shop-cart/{newBeeMallShoppingCartItemId},token
newbee_mall,DELETE /manage-api/v1/carousels,token
newbee_mall,DELETE /manage-api/v1/categories,token
newbee_mall,DELETE /manage-api/v1/indexConfigs,token
newbee_mall,DELETE /manage-api/v1/logout,token
newbee_mall,GET /api/v1/address,token
newbee_mall,GET /api/v1/address/default,token
newbee_mall,GET /api/v1/address/{addressId},token
newbee_mall,GET /api/v1/categories,token
newbee_mall,GET /api/v1/goods/detail/{goodsId},goodsId
newbee_mall,GET /api/v1/goods/detail/{goodsId},token
newbee_mall,GET /api/v1/index-infos,token
newbee_mall,GET /api/v1/order,token
newbee_mall,GET /api/v1/order/{orderNo},orderNo
newbee_mall,GET /api/v1/order/{orderNo},token
newbee_mall,GET /api/v1/paySuccess,orderNo
newbee_mall,GET /api/v1/paySuccess,token
newbee_mall,GET /api/v1/search,goodsCategoryId
newbee_mall,GET /api/v1/search,token
newbee_mall,GET /api/v1/shop-cart,token
newbee_mall,GET /api/v1/shop-cart/page,token
newbee_mall,GET /api/v1/shop-cart/settle,token
newbee_mall,GET /api/v1/user/info,token
newbee_mall,GET /manage-api/v1/adminUser/profile,token
newbee_mall,GET /manage-api/v1/carousels,token
newbee_mall,GET /manage-api/v1/carousels/{id},id
newbee_mall,GET /manage-api/v1/carousels/{id},token
newbee_mall,GET /manage-api/v1/categories,parentId
newbee_mall,GET /manage-api/v1/categories,token
newbee_mall,GET /manage-api/v1/categories/{id},id
newbee_mall,GET /manage-api/v1/categories/{id},token
newbee_mall,GET /manage-api/v1/categories4Select,categoryId
newbee_mall,GET /manage-api/v1/categories4Select,token
newbee_mall,GET /manage-api/v1/goods/list,token
newbee_mall,GET /manage-api/v1/goods/{id},id
newbee_mall,GET /manage-api/v1/goods/{id},token
newbee_mall,GET /manage-api/v1/indexConfigs,token
newbee_mall,GET /manage-api/v1/indexConfigs/{id},id
newbee_mall,GET /manage-api/v1/indexConfigs/{id},token
newbee_mall,GET /manage-api/v1/orders,orderNo
newbee_mall,GET /manage-api/v1/orders,token
newbee_mall,GET /manage-api/v1/orders/{orderId},orderId
newbee_mall,GET /manage-api/v1/orders/{orderId},token
newbee_mall,GET /manage-api/v1/users,token
newbee_mall,POST /api/v1/address,token
newbee_mall,POST /api/v1/address,userName
newbee_mall,POST /api/v1/saveOrder,token
newbee_mall,POST /api/v1/shop-cart,goodsId
newbee_mall,POST /api/v1/shop-cart,token
newbee_mall,POST /api/v1/user/logins,token
newbee_mall,POST /api/v1/user/logout,token
newbee_mall,POST /api/v1/user/register,token
newbee_mall,POST /manage-api/v1/adminUser/login,token
newbee_mall,POST /manage-api/v1/adminUser/login,userName
newbee_mall,POST /manage-api/v1/carousels,token
newbee_mall,POST /manage-api/v1/categories,parentId
newbee_mall,POST /manage-api/v1/categories,token
newbee_mall,POST /manage-api/v1/goods,goodsCategoryId
newbee_mall,POST /manage-api/v1/goods,token
newbee_mall,POST /manage-api/v1/indexConfigs,goodsId
newbee_mall,POST /manage-api/v1/indexConfigs,token
newbee_mall,POST /manage-api/v1/upload/file,token
newbee_mall,POST /manage-api/v1/upload/files,token
newbee_mall,PUT /api/v1/address,token
newbee_mall,PUT /api/v1/address,userId
newbee_mall,PUT /api/v1/address,userName
newbee_mall,PUT /api/v1/order/{orderNo}/cancel,orderNo
newbee_mall,PUT /api/v1/order/{orderNo}/cancel,token
newbee_mall,PUT /api/v1/order/{orderNo}/finish,orderNo
newbee_mall,PUT /api/v1/order/{orderNo}/finish,token
newbee_mall,PUT /api/v1/shop-cart,cartItemId
newbee_mall,PUT /api/v1/shop-cart,token
newbee_mall,PUT /api/v1/user/info,token
newbee_mall,PUT /manage-api/v1/adminUser/name,token
newbee_mall,PUT /manage-api/v1/adminUser/password,token
newbee_mall,PUT /manage-api/v1/carousels,carouselId
newbee_mall,PUT /manage-api/v1/carousels,token
newbee_mall,PUT /manage-api/v1/categories,categoryId
newbee_mall,PUT /manage-api/v1/categories,parentId
newbee_mall,PUT /manage-api/v1/categories,token
newbee_mall,PUT /manage-api/v1/goods,goodsCategoryId
newbee_mall,PUT /manage-api/v1/goods,goodsId
newbee_mall,PUT /manage-api/v1/goods,token
newbee_mall,PUT /manage-api/v1/goods/status/{sellStatus},token
newbee_mall,PUT /manage-api/v1/indexConfigs,configId
newbee_mall,PUT /manage-api/v1/indexConfigs,goodsId
newbee_mall,PUT /manage-api/v1/indexConfigs,token
newbee_mall,PUT /manage-api/v1/orders/checkDone,token
newbee_mall,PUT /manage-api/v1/orders/checkOut,token
newbee_mall,PUT /manage-api/v1/orders/close,token
newbee_mall,PUT /manage-api/v1/users/{lockStatus},token
openemr,DELETE /apis/default/api/patient/{pid}/appointment/{eid},eid
openemr,DELETE /apis/default/api/patient/{pid}/appointment/{eid},pid
openemr,DELETE /apis/default/api/patient/{pid}/dental_issue/{did},did
openemr,DELETE /apis/default/api/patient/{pid}/dental_issue/{did},pid
openemr,DELETE /apis/default/api/patient/{pid}/medication/{mid},mid
openemr,DELETE /apis/default/api/patient/{pid}/medication/{mid},pid
openemr,DELETE /apis/default/api/patient/{pid}/message/{mid},mid
openemr,DELETE /apis/default/api/patient/{pid}/message/{mid},pid
openemr,DELETE /apis/default/api/patient/{pid}/surgery/{sid},pid
openemr,DELETE /apis/default/api/patient/{pid}/surgery/{sid},sid
openemr,DELETE /apis/default/api/patient/{puuid}/allergy/{auuid},auuid
openemr,DELETE /apis/default/api/patient/{puuid}/allergy/{auuid},puuid
openemr,DELETE /apis/default/api/patient/{puuid}/medical_problem/{muuid},muuid
openemr,DELETE /apis/default/api/patient/{puuid}/medical_problem/{muuid},puuid
openemr,GET /apis/default/api/allergy,lists.id
openemr,GET /apis/default/api/allergy,lists.pid
openemr,GET /apis/default/api/allergy/{auuid},auuid
openemr,GET /apis/default/api/appointment/{eid},eid
openemr,GET /apis/default/api/drug/{uuid},uuid
openemr,GET /apis/default/api/facility,country_code
openemr,GET /apis/default/api/facility,email
openemr,GET /apis/default/api/facility,facility_code
openemr,GET /apis/default/api/facility,oid
openemr,GET /apis/default/api/facility,phone
openemr,GET /apis/default/api/facility,postal_code
openemr,GET /apis/default/api/facility/{fuuid},fuuid
openemr,GET /apis/default/api/immunization,administered_by_id
openemr,GET /apis/default/api/immunization,cvx_code
openemr,GET /apis/default/api/immunization,external_id
openemr,GET /apis/default/api/immunization,id
openemr,GET /apis/default/api/immunization,immunization_id
openemr,GET /apis/default/api/immunization,lot_number
openemr,GET /apis/default/api/immunization,patient_id
openemr,GET /apis/default/api/immunization,uuid
openemr,GET /apis/default/api/immunization/{uuid},uuid
openemr,GET /apis/default/api/insurance_company/{iid},iid
openemr,GET /apis/default/api/medical_problem,condition_uuid
openemr,GET /apis/default/api/medical_problem,puuid
openemr,GET /apis/default/api/medical_problem/{muuid},muuid
openemr,GET /apis/default/api/patient,country_code
openemr,GET /apis/default/api/patient,email
openemr,GET /apis/default/api/patient,postal_code
openemr,GET /apis/default/api/patient/{pid}/appointment,pid
openemr,GET /apis/default/api/patient/{pid}/appointment/{eid},eid
openemr,GET /apis/default/api/patient/{pid}/appointment/{eid},pid
openemr,GET /apis/default/api/patient/{pid}/dental_issue,pid
openemr,GET /apis/default/api/patient/{pid}/dental_issue/{did},did
openemr,GET /apis/default/api/patient/{pid}/dental_issue/{did},pid
openemr,GET /apis/default/api/patient/{pid}/document,pid
openemr,GET /apis/default/api/patient/{pid}/document/{did},did
openemr,GET /apis/default/api/patient/{pid}/document/{did},pid
openemr,GET /apis/default/api/patient/{pid}/encounter/{eid}/soap_note,eid
openemr,GET /apis/default/api/patient/{pid}/encounter/{eid}/soap_note,pid
openemr,GET /apis/default/api/patient/{pid}/encounter/{eid}/soap_note/{sid},eid
openemr,GET /apis/default/api/patient/{pid}/encounter/{eid}/soap_note/{sid},pid
openemr,GET /apis/default/api/patient/{pid}/encounter/{eid}/soap_note/{sid},sid
openemr,GET /apis/default/api/patient/{pid}/encounter/{eid}/vital,eid
openemr,GET /apis/default/api/patient/{pid}/encounter/{eid}/vital,pid
openemr,GET /apis/default/api/patient/{pid}/encounter/{eid}/vital/{vid},eid
openemr,GET /apis/default/api/patient/{pid}/encounter/{eid}/vital/{vid},pid
openemr,GET /apis/default/api/patient/{pid}/encounter/{eid}/vital/{vid},vid
openemr,GET /apis/default/api/patient/{pid}/medication,pid
openemr,GET /apis/default/api/patient/{pid}/medication/{mid},mid
openemr,GET /apis/default/api/patient/{pid}/medication/{mid},pid
openemr,GET /apis/default/api/patient/{pid}/surgery,pid
openemr,GET /apis/default/api/patient/{pid}/surgery/{sid},pid
openemr,GET /apis/default/api/patient/{pid}/surgery/{sid},sid
openemr,GET /apis/default/api/patient/{pid}/transaction,pid
openemr,GET /apis/default/api/patient/{puuid},puuid
openemr,GET /apis/default/api/patient/{puuid}/allergy,puuid
openemr,GET /apis/default/api/patient/{puuid}/allergy/{auuid},auuid
openemr,GET /apis/default/api/patient/{puuid}/allergy/{auuid},puuid
openemr,GET /apis/default/api/patient/{puuid}/employer,pid
openemr,GET /apis/default/api/patient/{puuid}/encounter,puuid
openemr,GET /apis/default/api/patient/{puuid}/encounter/{euuid},euuid
openemr,GET /apis/default/api/patient/{puuid}/encounter/{euuid},puuid
openemr,GET /apis/default/api/patient/{puuid}/insurance,pid
openemr,GET /apis/default/api/patient/{puuid}/insurance/$swap-insurance,pid
openemr,GET /apis/default/api/patient/{puuid}/insurance/$swap-insurance,uuid
openemr,GET /apis/default/api/patient/{puuid}/insurance/{uuid},pid
openemr,GET /apis/default/api/patient/{puuid}/medical_problem,puuid
openemr,GET /apis/default/api/patient/{puuid}/medical_problem/{muuid},muuid
openemr,GET /apis/default/api/patient/{puuid}/medical_problem/{muuid},puuid
openemr,GET /apis/default/api/practitioner,email
openemr,GET /apis/default/api/practitioner,facility_id
openemr,GET /apis/default/api/practitioner,federaldrugid
openemr,GET /apis/default/api/practitioner,federaltaxid
openemr,GET /apis/default/api/practitioner,phone
openemr,GET /apis/default/api/practitioner,username
openemr,GET /apis/default/api/practitioner/{pruuid},pruuid
openemr,GET /apis/default/api/prescription/{uuid},uuid
openemr,GET /apis/default/api/procedure/{uuid},uuid
openemr,GET /apis/default/api/user,email
openemr,GET /apis/default/api/user,facility_id
openemr,GET /apis/default/api/user,federaldrugid
openemr,GET /apis/default/api/user,federaltaxid
openemr,GET /apis/default/api/user,id
openemr,GET /apis/default/api/user,phone
openemr,GET /apis/default/api/user,username
openemr,GET /apis/default/api/user/{uuid},uuid
openemr,GET /apis/default/fhir/AllergyIntolerance,_id
openemr,GET /apis/default/fhir/AllergyIntolerance/{uuid},uuid
openemr,GET /apis/default/fhir/Appointment,_id
openemr,GET /apis/default/fhir/Appointment/{uuid},uuid
openemr,GET /apis/default/fhir/Binary/{id},id
openemr,GET /apis/default/fhir/CarePlan,_id
openemr,GET /apis/default/fhir/CarePlan/{uuid},uuid
openemr,GET /apis/default/fhir/CareTeam,_id
openemr,GET /apis/default/fhir/CareTeam/{uuid},uuid
openemr,GET /apis/default/fhir/Condition,_id
openemr,GET /apis/default/fhir/Condition/{uuid},uuid
openemr,GET /apis/default/fhir/Coverage,_id
openemr,GET /apis/default/fhir/Coverage/{uuid},uuid
openemr,GET /apis/default/fhir/Device,_id
openemr,GET /apis/default/fhir/Device/{uuid},uuid
openemr,GET /apis/default/fhir/DiagnosticReport,_id
openemr,GET /apis/default/fhir/DiagnosticReport,code
openemr,GET /apis/default/fhir/DiagnosticReport/{uuid},uuid
openemr,GET /apis/default/fhir/DocumentReference,_id
openemr,GET /apis/default/fhir/DocumentReference/{uuid},uuid
openemr,GET /apis/default/fhir/Encounter,_id
openemr,GET /apis/default/fhir/Encounter/{uuid},uuid
openemr,GET /apis/default/fhir/Goal,_id
openemr,GET /apis/default/fhir/Goal/{uuid},uuid
openemr,GET /apis/default/fhir/Group,_id
openemr,GET /apis/default/fhir/Group/{id}/$export,id
openemr,GET /apis/default/fhir/Group/{uuid},uuid
openemr,GET /apis/default/fhir/Immunization,_id
openemr,GET /apis/default/fhir/Immunization/{uuid},uuid
openemr,GET /apis/default/fhir/Location,_id
openemr,GET /apis/default/fhir/Location/{uuid},uuid
openemr,GET /apis/default/fhir/Medication,_id
openemr,GET /apis/default/fhir/Medication/{uuid},uuid
openemr,GET /apis/default/fhir/MedicationRequest,_id
openemr,GET /apis/default/fhir/MedicationRequest/{uuid},uuid
openemr,GET /apis/default/fhir/Observation,_id
openemr,GET /apis/default/fhir/Observation,code
openemr,GET /apis/default/fhir/Observation/{uuid},uuid
openemr,GET /apis/default/fhir/Organization,_id
openemr,GET /apis/default/fhir/Organization,address-postalcode
openemr,GET /apis/default/fhir/Organization,email
openemr,GET /apis/default/fhir/Organization,phone
openemr,GET /apis/default/fhir/Organization/{uuid},uuid
openemr,GET /apis/default/fhir/Patient,_id
openemr,GET /apis/default/fhir/Patient,address-postalcode
openemr,GET /apis/default/fhir/Patient,email
openemr,GET /apis/default/fhir/Patient,phone
openemr,GET /apis/default/fhir/Patient/{uuid},uuid
openemr,GET /apis/default/fhir/Person,_id
openemr,GET /apis/default/fhir/Person,address-postalcode
openemr,GET /apis/default/fhir/Person,email
openemr,GET /apis/default/fhir/Person,phone
openemr,GET /apis/default/fhir/Person/{uuid},uuid
openemr,GET /apis/default/fhir/Practitioner,_id
openemr,GET /apis/default/fhir/Practitioner,address-postalcode
openemr,GET /apis/default/fhir/Practitioner,email
openemr,GET /apis/default/fhir/Practitioner,phone
openemr,GET /apis/default/fhir/Practitioner/{uuid},uuid
openemr,GET /apis/default/fhir/PractitionerRole,_id
openemr,GET /apis/default/fhir/PractitionerRole/{uuid},uuid
openemr,GET /apis/default/fhir/Procedure,_id
openemr,GET /apis/default/fhir/Procedure/{uuid},uuid
openemr,GET /apis/default/fhir/Provenance,_id
openemr,GET /apis/default/fhir/Provenance/{uuid},uuid
openemr,GET /apis/default/fhir/Questionnaire,_id
openemr,GET /apis/default/fhir/QuestionnaireResponse,_id
openemr,GET /apis/default/fhir/QuestionnaireResponse/{uuid},uuid
openemr,GET /apis/default/fhir/ServiceRequest,_id
openemr,GET /apis/default/fhir/ServiceRequest,code
openemr,GET /apis/default/fhir/ServiceRequest/{uuid},uuid
openemr,GET /apis/default/fhir/Specimen,_id
openemr,GET /apis/default/fhir/Specimen/{uuid},uuid
openemr,GET /apis/default/fhir/ValueSet,_id
openemr,GET /apis/default/fhir/ValueSet/{uuid},uuid
openemr,GET /apis/default/portal/patient/appointment/{auuid},auuid
openemr,GET /apis/default/portal/patient/encounter/{euuid},euuid
openemr,POST /apis/default/api/facility,country_code
openemr,POST /apis/default/api/facility,email
openemr,POST /apis/default/api/facility,facility_code
openemr,POST /apis/default/api/facility,oid
openemr,POST /apis/default/api/facility,phone
openemr,POST /apis/default/api/facility,postal_code
openemr,POST /apis/default/api/insurance_company,alt_cms_id
openemr,POST /apis/default/api/insurance_company,cms_id
openemr,POST /apis/default/api/insurance_company,ins_type_code
openemr,POST /apis/default/api/insurance_company,x12_default_partner_id
openemr,POST /apis/default/api/insurance_company,x12_receiver_id
openemr,POST /apis/default/api/patient,country_code
openemr,POST /apis/default/api/patient,postal_code
openemr,POST /apis/default/api/patient/{pid}/appointment,pc_aid
openemr,POST /apis/default/api/patient/{pid}/appointment,pc_catid
openemr,POST /apis/default/api/patient/{pid}/appointment,pid
openemr,POST /apis/default/api/patient/{pid}/dental_issue,pid
openemr,POST /apis/default/api/patient/{pid}/document,pid
openemr,POST /apis/default/api/patient/{pid}/encounter/{eid}/soap_note,eid
openemr,POST /apis/default/api/patient/{pid}/encounter/{eid}/soap_note,pid
openemr,POST /apis/default/api/patient/{pid}/encounter/{eid}/vital,eid
openemr,POST /apis/default/api/patient/{pid}/encounter/{eid}/vital,pid
openemr,POST /apis/default/api/patient/{pid}/medication,pid
openemr,POST /apis/default/api/patient/{pid}/message,pid
openemr,POST /apis/default/api/patient/{pid}/surgery,pid
openemr,POST /apis/default/api/patient/{pid}/transaction,pid
openemr,POST /apis/default/api/patient/{puuid}/allergy,puuid
openemr,POST /apis/default/api/patient/{puuid}/encounter,class_code
openemr,POST /apis/default/api/patient/{puuid}/encounter,external_id
openemr,POST /apis/default/api/patient/{puuid}/encounter,facility_id
openemr,POST /apis/default/api/patient/{puuid}/encounter,pc_catid
openemr,POST /apis/default/api/patient/{puuid}/encounter,pos_code
openemr,POST /apis/default/api/patient/{puuid}/encounter,provider_id
openemr,POST /apis/default/api/patient/{puuid}/encounter,puuid
openemr,POST /apis/default/api/patient/{puuid}/insurance,group_number
openemr,POST /apis/default/api/patient/{puuid}/insurance,policy_number
openemr,POST /apis/default/api/patient/{puuid}/insurance,puuid
openemr,POST /apis/default/api/patient/{puuid}/insurance,subscriber_employer_postal_code
openemr,POST /apis/default/api/patient/{puuid}/insurance,subscriber_phone
openemr,POST /apis/default/api/patient/{puuid}/insurance,subscriber_postal_code
openemr,POST /apis/default/api/patient/{puuid}/medical_problem,puuid
openemr,POST /apis/default/api/practitioner,email
openemr,POST /apis/default/api/practitioner,facility_id
openemr,POST /apis/default/api/practitioner,federaldrugid
openemr,POST /apis/default/api/practitioner,federaltaxid
openemr,POST /apis/default/api/practitioner,phone
openemr,POST /apis/default/api/practitioner,state_license_number
openemr,POST /apis/default/api/practitioner,username
openemr,PUT /apis/default/api/facility/{fuuid},country_code
openemr,PUT /apis/default/api/facility/{fuuid},email
openemr,PUT /apis/default/api/facility/{fuuid},facility_code
openemr,PUT /apis/default/api/facility/{fuuid},fuuid
openemr,PUT /apis/default/api/facility/{fuuid},oid
openemr,PUT /apis/default/api/facility/{fuuid},phone
openemr,PUT /apis/default/api/facility/{fuuid},postal_code
openemr,PUT /apis/default/api/insurance_company/{iid},alt_cms_id
openemr,PUT /apis/default/api/insurance_company/{iid},cms_id
openemr,PUT /apis/default/api/insurance_company/{iid},iid
openemr,PUT /apis/default/api/insurance_company/{iid},ins_type_code
openemr,PUT /apis/default/api/insurance_company/{iid},x12_default_partner_id
openemr,PUT /apis/default/api/insurance_company/{iid},x12_receiver_id
openemr,PUT /apis/default/api/patient/{pid}/dental_issue/{did},did
openemr,PUT /apis/default/api/patient/{pid}/dental_issue/{did},pid
openemr,PUT /apis/default/api/patient/{pid}/encounter/{eid}/soap_note/{sid},eid
openemr,PUT /apis/default/api/patient/{pid}/encounter/{eid}/soap_note/{sid},pid
openemr,PUT /apis/default/api/patient/{pid}/encounter/{eid}/soap_note/{sid},sid
openemr,PUT /apis/default/api/patient/{pid}/encounter/{eid}/vital/{vid},eid
openemr,PUT /apis/default/api/patient/{pid}/encounter/{eid}/vital/{vid},pid
openemr,PUT /apis/default/api/patient/{pid}/encounter/{eid}/vital/{vid},vid
openemr,PUT /apis/default/api/patient/{pid}/medication/{mid},mid
openemr,PUT /apis/default/api/patient/{pid}/medication/{mid},pid
openemr,PUT /apis/default/api/patient/{pid}/message/{mid},mid
openemr,PUT /apis/default/api/patient/{pid}/message/{mid},pid
openemr,PUT /apis/default/api/patient/{pid}/surgery/{sid},pid
openemr,PUT /apis/default/api/patient/{pid}/surgery/{sid},sid
openemr,PUT /apis/default/api/patient/{puuid},country_code
openemr,PUT /apis/default/api/patient/{puuid},postal_code
openemr,PUT /apis/default/api/patient/{puuid},puuid
openemr,PUT /apis/default/api/patient/{puuid}/allergy/{auuid},auuid
openemr,PUT /apis/default/api/patient/{puuid}/allergy/{auuid},puuid
openemr,PUT /apis/default/api/patient/{puuid}/encounter/{euuid},class_code
openemr,PUT /apis/default/api/patient/{puuid}/encounter/{euuid},euuid
openemr,PUT /apis/default/api/patient/{puuid}/encounter/{euuid},external_id
openemr,PUT /apis/default/api/patient/{puuid}/encounter/{euuid},facility_id
openemr,PUT /apis/default/api/patient/{puuid}/encounter/{euuid},pc_catid
openemr,PUT /apis/default/api/patient/{puuid}/encounter/{euuid},pos_code
openemr,PUT /apis/default/api/patient/{puuid}/encounter/{euuid},provider_id
openemr,PUT /apis/default/api/patient/{puuid}/encounter/{euuid},puuid
openemr,PUT /apis/default/api/patient/{puuid}/insurance/{insuranceUuid},group_number
openemr,PUT /apis/default/api/patient/{puuid}/insurance/{insuranceUuid},insuranceUuid
openemr,PUT /apis/default/api/patient/{puuid}/insurance/{insuranceUuid},policy_number
openemr,PUT /apis/default/api/patient/{puuid}/insurance/{insuranceUuid},puuid
openemr,PUT /apis/default/api/patient/{puuid}/insurance/{insuranceUuid},subscriber_employer_postal_code
openemr,PUT /apis/default/api/patient/{puuid}/insurance/{insuranceUuid},subscriber_phone
openemr,PUT /apis/default/api/patient/{puuid}/insurance/{insuranceUuid},subscriber_postal_code
openemr,PUT /apis/default/api/patient/{puuid}/medical_problem/{muuid},muuid
openemr,PUT /apis/default/api/patient/{puuid}/medical_problem/{muuid},puuid
openemr,PUT /apis/default/api/practitioner/{pruuid},email
openemr,PUT /apis/default/api/practitioner/{pruuid},facility_id
openemr,PUT /apis/default/api/practitioner/{pruuid},federaldrugid
openemr,PUT /apis/default/api/practitioner/{pruuid},federaltaxid
openemr,PUT /apis/default/api/practitioner/{pruuid},phone
openemr,PUT /apis/default/api/practitioner/{pruuid},pruuid
openemr,PUT /apis/default/api/practitioner/{pruuid},state_license_number
openemr,PUT /apis/default/api/practitioner/{pruuid},username
openemr,PUT /apis/default/api/transaction/{tid},tid
openemr,PUT /apis/default/fhir/Organization/{uuid},uuid
openemr,PUT /apis/default/fhir/Patient/{uuid},uuid
openemr,PUT /apis/default/fhir/Practitioner/{uuid},uuid
pybbs,DELETE /api/collect/{topicId},token
pybbs,DELETE /api/collect/{topicId},topicId
pybbs,DELETE /api/comment/{id},id
pybbs,DELETE /api/comment/{id},token
pybbs,DELETE /api/topic,id
pybbs,DELETE /api/topic,token
pybbs,GET /api/comment/{id}/vote,id
pybbs,GET /api/comment/{id}/vote,token
pybbs,GET /api/notification/list,token
pybbs,GET /api/notification/markRead,token
pybbs,GET /api/notification/notRead,token
pybbs,GET /api/sendEmailCode,email
pybbs,GET /api/sendEmailCode,token
pybbs,GET /api/send_code,mobile
pybbs,GET /api/settings/refreshToken,token
pybbs,GET /api/settings/sendActiveEmail,token
pybbs,GET /api/topic/{id},id
pybbs,GET /api/topic/{id},token
pybbs,GET /api/topic/{id}/vote,id
pybbs,GET /api/topic/{id}/vote,token
pybbs,GET /api/user/{username},username
pybbs,GET /api/user/{username}/collects,username
pybbs,GET /api/user/{username}/comments,username
pybbs,GET /api/user/{username}/topics,username
pybbs,POST /api/collect/{topicId},token
pybbs,POST /api/collect/{topicId},topicId
pybbs,POST /api/comment,commentId
pybbs,POST /api/comment,token
pybbs,POST /api/comment,topicId
pybbs,POST /api/login,username
pybbs,POST /api/mobile_login,mobile
pybbs,POST /api/register,email
pybbs,POST /api/register,username
pybbs,POST /api/topic,token
pybbs,POST /api/upload,token
pybbs,PUT /api/comment/{id},id
pybbs,PUT /api/comment/{id},token
pybbs,PUT /api/settings,token
pybbs,PUT /api/settings/updateEmail,email
pybbs,PUT /api/settings/updateEmail,token
pybbs,PUT /api/settings/updatePassword,token
pybbs,PUT /api/topic,id
pybbs,PUT /api/topic,token
TIME-SEA-chatgpt,GET /auth/email/code/{email},email
TIME-SEA-chatgpt,GET /drawing/image/data/{drawingId},drawingId
TIME-SEA-chatgpt,GET /drawing/status/{drawingId},drawingId
TIME-SEA-chatgpt,GET /user/stat/get/data,starId
TIME-SEA-chatgpt,POST /admin/drawing/status/{id},id
TIME-SEA-chatgpt,POST /admin/exchange/delete/{id},id
TIME-SEA-chatgpt,POST /admin/product/delete/{id},id
TIME-SEA-chatgpt,POST /admin/sd/delete/{id},id
TIME-SEA-chatgpt,POST /admin/server/put/config,conversationUuid
TIME-SEA-chatgpt,POST /admin/server/put/config,openKey
TIME-SEA-chatgpt,POST /admin/server/put/config,openPlusKey
TIME-SEA-chatgpt,POST /admin/server/put/config,organizationUuid
TIME-SEA-chatgpt,POST /admin/server/put/config,sessionKey
TIME-SEA-chatgpt,POST /admin/user/put/data,userId
TIME-SEA-chatgpt,POST /auth/email/enroll,email
TIME-SEA-chatgpt,POST /auth/email/login,email
TIME-SEA-chatgpt,POST /auth/email/password/back,email
TIME-SEA-chatgpt,POST /drawing/image/delete/{id},id
TIME-SEA-chatgpt,POST /pay/alipay/pay/{productId},productId
TIME-SEA-chatgpt,POST /pay/alipay/status/{orderId},orderId
TIME-SEA-chatgpt,POST /user/personality/put/config,openKey
TIME-SEA-chatgpt,POST /user/star/delete/{id},id
TIME-SEA-chatgpt,POST /user/stat/put/data,starId
TIME-SEA-chatgpt,POST /user/upload/username,userName
TIME-SEA-chatgpt,POST /user/wechat/bind,email
youlai-mall,DELETE /mall-oms/app-api/v1/carts/skuId/{skuId},skuId
youlai-mall,DELETE /mall-oms/app-api/v1/orders/{orderId},orderId
youlai-mall,GET /mall-pms/api/v1/attributes,categoryId
youlai-mall,GET /mall-pms/api/v1/brands/{id},id
youlai-mall,PATCH /mall-pms/api/v1/categories/{id},id
youlai-mall,PATCH /mall-ums/api/v1/members/{memberId}/status,id
youlai-mall,PATCH /mall-ums/api/v1/members/{memberId}/status,mobile
youlai-mall,PATCH /mall-ums/api/v1/members/{memberId}/status,openid
youlai-mall,POST /mall-oms/app-api/v1/carts,skuId
youlai-mall,POST /mall-oms/app-api/v1/orders/confirm,skuId
youlai-mall,POST /mall-oms/app-api/v1/orders/payment,appId
youlai-mall,POST /mall-oms/app-api/v1/orders/submit,orderToken
youlai-mall,POST /mall-pms/api/v1/attributes/batch,categoryId
youlai-mall,POST /mall-pms/api/v1/brands,id
youlai-mall,POST /mall-pms/api/v1/categories,id
youlai-mall,POST /mall-pms/api/v1/spu,brandId
youlai-mall,POST /mall-pms/api/v1/spu,categoryId
youlai-mall,POST /mall-pms/api/v1/spu,id
youlai-mall,POST /mall-sms/api/v1/adverts,id
youlai-mall,POST /mall-sms/api/v1/coupons,id
youlai-mall,POST /mall-ums/app-api/v1/addresses,consigneeMobile
youlai-mall,POST /mall-ums/app-api/v1/addresses,id
youlai-mall,POST /mall-ums/app-api/v1/members,mobile
youlai-mall,POST /mall-ums/app-api/v1/members,openid
youlai-mall,POST /mall-ums/app-api/v1/members/view/history,id
youlai-mall,PUT /mall-oms/app-api/v1/carts/skuId/{skuId},skuId
youlai-mall,PUT /mall-pms/api/v1/brands/{id},id
youlai-mall,PUT /mall-pms/api/v1/categories/{id},id
youlai-mall,PUT /mall-pms/api/v1/sku/{skuId},id
youlai-mall,PUT /mall-pms/api/v1/sku/{skuId},spuId
youlai-mall,PUT /mall-pms/api/v1/spu/{id},brandId
youlai-mall,PUT /mall-pms/api/v1/spu/{id},categoryId
youlai-mall,PUT /mall-pms/api/v1/spu/{id},id
youlai-mall,PUT /mall-pms/app-api/v1/skus/lock,orderToken
youlai-mall,PUT /mall-pms/app-api/v1/skus/lock,skuId
youlai-mall,PUT /mall-pms/app-api/v1/skus/unlock,orderToken
youlai-mall,PUT /mall-sms/api/v1/adverts/{id},id
youlai-mall,PUT /mall-sms/api/v1/coupons/{couponId},couponId
youlai-mall,PUT /mall-sms/api/v1/coupons/{couponId},id
youlai-mall,PUT /mall-ums/api/v1/members/{memberId},id
youlai-mall,PUT /mall-ums/api/v1/members/{memberId},mobile
youlai-mall,PUT /mall-ums/api/v1/members/{memberId},openid
youlai-mall,PUT /mall-ums/app-api/v1/addresses/{addressId},consigneeMobile
youlai-mall,PUT /mall-ums/app-api/v1/addresses/{addressId},id
youlai-mall,PUT /mall-ums/app-api/v1/members/{memberId}/balances/_deduct,memberId
mall,GET /alipay/query,outTradeNo
mall,GET /alipay/query,tradeNo
mall,GET /brand/detail/{brandId},brandId
mall,GET /brand/productList,brandId
mall,GET /cart/getProduct/{productId},productId
mall,GET /cart/update/quantity,id
mall,GET /home/productCateList/{parentId},parentId
mall,GET /home/subjectList,cateId
mall,GET /member/address/{id},id
mall,GET /member/attention/detail,brandId
mall,GET /member/coupon/listByProduct/{productId},productId
mall,GET /member/productCollection/detail,productId
mall,GET /order/detail/{orderId},orderId
mall,GET /product/detail/{id},id
mall,GET /product/search,brandId
mall,GET /product/search,productCategoryId
mall,GET /sso/getAuthCode,telephone
mall,POST /cart/add,id
mall,POST /cart/add,productCategoryId
mall,POST /cart/add,productId
mall,POST /cart/update/attr,id
mall,POST /cart/update/attr,productCategoryId
mall,POST /cart/update/attr,productId
mall,POST /member/address/add,id
mall,POST /member/address/delete/{id},id
mall,POST /member/address/update/{id},id
mall,POST /member/attention/add,brandId
mall,POST /member/attention/add,id
mall,POST /member/attention/delete,brandId
mall,POST /member/coupon/add/{couponId},couponId
mall,POST /member/productCollection/add,id
mall,POST /member/productCollection/add,productId
mall,POST /member/productCollection/delete,productId
mall,POST /member/readHistory/create,id
mall,POST /member/readHistory/create,productId
mall,POST /order/cancelOrder,orderId
mall,POST /order/cancelUserOrder,orderId
mall,POST /order/confirmReceiveOrder,orderId
mall,POST /order/deleteOrder,orderId
mall,POST /order/generateOrder,couponId
mall,POST /order/paySuccess,orderId
mall,POST /returnApply/create,orderId
mall,POST /returnApply/create,productId
mall,POST /sso/login,username
mall,POST /sso/register,authCode
mall,POST /sso/register,telephone
mall,POST /sso/register,username
mall,POST /sso/updatePassword,authCode
mall,POST /sso/updatePassword,telephone
